GDP,RTS,ECOM
62278.51901989501,2256762.923048681,351825.30292570044
