GDP,RTS,ECOM
62278.51901989501,2278289.1632068297,353668.46200430294
